tong,male50AgeNmprCnt,feml40AgeNmprCnt,male80AgeNmprCnt,male20AgeNmprCnt,stdgNm,ban,totNmprCnt,feml0AgeNmprCnt,male40AgeNmprCnt,ctpvNm,male90AgeNmprCnt,dongNm,feml10AgeNmprCnt,feml50AgeNmprCnt,male10AgeNmprCnt,feml100AgeNmprCnt,feml90AgeNmprCnt,male30AgeNmprCnt,feml20AgeNmprCnt,feml60AgeNmprCnt,femlNmprCnt,stdgCd,liNm,feml30AgeNmprCnt,male0AgeNmprCnt,feml80AgeNmprCnt,male100AgeNmprCnt,maleNmprCnt,sggNm,male60AgeNmprCnt,male70AgeNmprCnt,feml70AgeNmprCnt,admmCd,statsYm
,11854,9903,2674,10174,,,139417,2930,9291,서울특별시,315,,4963,12061,4776,26,646,9648,11322,10324,72111,1111000000,,9674,2989,3970,9,67306,종로구,10365,5211,6292,,202312
,9529,8225,2101,7979,,,121312,2751,8544,서울특별시,228,,3066,9539,3090,22,648,10432,9558,9196,62653,1114000000,,10432,2879,3460,5,58659,중구,9137,4735,5756,,202312
,16765,15818,3409,13849,,,213151,5429,15470,서울특별시,429,,6691,17552,6929,44,986,18615,16254,15032,110839,1117000000,,18795,5660,5496,12,102312,용산구,14294,6880,8742,,202312
,21870,20401,3976,19821,,,277361,8203,20525,서울특별시,333,,8927,22579,8924,30,920,22357,21158,19695,142842,1120000000,,23307,8690,6341,14,134519,성동구,18883,9126,11281,,202312
,25844,24530,4442,27297,,,335554,7420,23573,서울특별시,390,,11802,27312,12002,30,1023,27423,31552,23771,174277,1121500000,,27520,7788,6486,13,161277,광진구,21765,10740,12831,,202312
,26513,23627,5654,27005,,,341149,9004,25068,서울특별시,442,,11119,26027,11488,46,1188,25472,29867,24918,173803,1123000000,,23990,9298,8426,11,167346,동대문구,23638,12757,15591,,202312
,31934,25447,5996,23994,,,382155,9376,27692,서울특별시,433,,11691,32796,12269,45,1400,29472,26048,32675,194783,1126000000,,28345,9738,8884,8,187372,중랑구,30643,15193,18076,,202312
,34948,32249,6874,30425,,,425602,11729,31187,서울특별시,600,,17211,36001,17791,44,1612,28099,34268,30765,221431,1129000000,,28014,12368,10537,15,204171,성북구,27235,14629,19001,,202312
,24859,19309,5913,18226,,,288113,5626,20593,서울특별시,442,,9385,25406,9756,34,1162,18431,19929,25274,148599,1130500000,,16566,5949,8898,13,139514,강북구,22582,12750,17010,,202312
,25879,21187,5834,18646,,,306948,6877,21327,서울특별시,523,,10789,28384,11583,43,1411,19325,18793,27990,158152,1132000000,,18282,7365,8743,15,148796,도봉구,24988,13311,15653,,202312
,41670,39414,7146,33591,,,498213,12789,35987,서울특별시,725,,22741,44771,24431,68,2158,30600,32710,39241,259096,1135000000,,30422,13636,12507,17,239117,노원구,33876,17438,22275,,202312
,37505,35525,7923,28844,,,466770,11892,34716,서울특별시,617,,17342,40332,18197,42,1633,32388,32951,37006,245045,1138000000,,33965,12382,11822,15,221725,은평구,31838,17300,22535,,202312
,23609,22355,5132,22523,,,306231,8570,21898,서울특별시,470,,11073,25284,11050,49,1240,22050,25909,21868,160827,1141000000,,22857,8953,8159,13,145404,서대문구,19493,10213,13463,,202312
,27235,29387,5032,25842,,,363697,10093,27547,서울특별시,538,,13243,28799,13232,41,1256,30146,33058,22421,193707,1144000000,,33661,10535,7959,9,169990,마포구,19936,9938,13789,,202312
,36952,37825,5005,26412,,,436028,12349,34708,서울특별시,441,,22861,37871,24873,52,1520,26379,26112,32812,223193,1147000000,,26693,13030,7880,13,212835,양천구,29829,15193,17218,,202312
,40386,43028,6870,35814,,,563058,15315,43392,서울특별시,639,,20350,42793,21467,66,2083,48196,43364,43389,293236,1150000000,,48458,15874,10983,16,269822,강서구,36969,20199,23407,,202312
,30688,28562,6005,24527,,,392405,10901,29840,서울특별시,443,,13857,31234,14361,40,1266,31127,26344,30913,200064,1153000000,,29972,11533,8478,9,192341,구로구,27748,16060,18497,,202312
,18843,13729,3387,16848,,,227481,4848,15815,서울특별시,265,,6394,18671,6533,24,708,20881,18126,18426,113067,1154500000,,17073,5036,4882,8,114414,금천구,17899,8899,10186,,202312
,27977,26194,5568,25876,,,374794,10846,27793,서울특별시,527,,11118,27398,11835,43,1239,35882,31137,25033,191068,1156000000,,35012,11331,7960,16,183726,영등포구,24102,12819,15088,,202312
,27804,27277,5958,30782,,,378769,9834,27344,서울특별시,519,,12686,29507,13308,40,1351,30406,32943,27100,195616,1159000000,,29460,10237,8301,15,183153,동작구,23482,13298,17117,,202312
,33668,28592,7245,52059,,,481956,7987,33113,서울특별시,483,,12365,32138,12714,43,1340,49472,55320,31959,239305,1162000000,,38968,8493,9714,10,242651,관악구,28459,16935,20879,,202312
,32264,38812,5380,23798,,,407664,13554,33432,서울특별시,530,,22131,32944,22675,48,1231,26370,26100,25649,213373,1165000000,,30593,14264,6472,15,194291,서초구,22356,13207,15839,,202312
,42782,53560,6697,31857,,,544873,15998,45417,서울특별시,637,,29545,42985,32263,73,1684,36826,35728,33602,284353,1168000000,,41945,17007,8215,16,260520,강남구,29208,17810,21018,,202312
,48647,54818,7341,39820,,,654166,20906,51645,서울특별시,654,,28195,52387,29258,73,2089,50036,44799,47676,339819,1171000000,,54753,22408,9905,18,314347,송파구,42062,22458,24218,,202312
,34735,37298,5462,27220,,,459167,14887,37084,서울특별시,436,,18320,36026,20541,63,1493,33882,29232,36348,234744,1174000000,,34733,16005,7712,14,224423,강동구,32068,16976,18632,,202312
,3309,2046,904,2571,,,38619,395,2362,부산광역시,78,,849,3034,813,18,255,2278,2824,4056,19916,2611000000,,1981,480,1553,1,18703,중구,3705,2202,2905,,202312
,8580,6623,2334,5879,,,104089,2335,6864,부산광역시,172,,3424,8288,3577,10,656,5301,6348,10179,54061,2614000000,,5076,2551,4051,6,50028,서구,9208,5556,7071,,202312
,7371,5240,1980,4508,,,87792,1943,6164,부산광역시,155,,2271,6812,2387,10,524,5778,4815,8453,45056,2617000000,,5220,2035,3600,3,42736,동구,7624,4731,6168,,202312
,9132,6474,2605,5356,,,106548,2130,7104,부산광역시,174,,3277,8627,3419,17,604,5233,4415,11411,54231,2620000000,,4431,2199,4512,2,52317,영도구,10585,6508,8333,,202312
,27427,24449,5866,23481,,,359508,9545,25228,부산광역시,438,,11843,28937,12061,33,1377,25537,26019,31379,186901,2623000000,,24570,9942,9903,6,172607,부산진구,27637,14984,18846,,202312
,21233,22095,4147,14593,,,270815,8862,21155,부산광역시,279,,12196,22798,13233,24,972,15798,13883,23322,139895,2626000000,,15633,9346,6383,2,130920,동래구,19732,11402,13727,,202312
,20498,18883,4636,16951,,,254185,6863,18862,부산광역시,306,,10679,21015,11360,22,977,13708,15269,22193,130334,2629000000,,12855,7226,7085,6,123851,남구,18843,11455,14493,,202312
,22923,18278,3770,16097,,,273596,7742,18771,부산광역시,245,,10294,26124,11017,38,1011,17033,14080,26438,139037,2632000000,,15337,8224,6559,1,134559,북구,25102,11376,13136,,202312
,31970,31053,5576,21029,,,380448,11288,28360,부산광역시,473,,17182,35599,18338,48,1575,20621,19424,32725,198159,2635000000,,20960,11842,9759,10,182289,해운대구,29100,14970,18546,,202312
,25341,20581,4493,18255,,,297831,7527,21937,부산광역시,304,,11580,26021,12063,35,1151,17413,15572,28713,150026,2638000000,,15296,8076,7565,3,147805,사하구,26199,13721,15985,,202312
,17327,14084,4126,15319,,,215590,4832,14137,부산광역시,313,,7847,18820,8214,26,1024,11676,13019,21165,110441,2641000000,,10200,5033,6512,7,105149,금정구,18469,10528,12912,,202312
,9216,13017,1172,6207,,,142396,8352,15813,부산광역시,96,,7341,8120,7638,5,385,11764,5083,8815,68575,2644000000,,11375,8901,2043,2,73821,강서구,8883,4129,4039,,202312
,15857,15617,3560,11418,,,205766,6229,15174,부산광역시,228,,7967,17506,8170,16,738,13123,11617,18339,107422,2647000000,,12951,6394,5284,3,98344,연제구,15465,8952,11158,,202312
,12579,12380,3306,10538,,,174518,4451,11979,부산광역시,269,,5545,14245,5907,18,807,11816,11715,16287,92617,2650000000,,11687,4541,4984,7,81901,수영구,12675,8284,10498,,202312
,18098,12572,2621,13071,,,202932,4581,13999,부산광역시,151,,6727,18253,7043,21,623,13104,11857,20371,101067,2653000000,,10884,4895,4660,1,101865,사상구,19865,9017,10518,,202312
,13809,16504,2316,8719,,,178729,7639,16911,부산광역시,199,,9235,13056,9842,29,709,11126,7655,12615,90193,2671000000,,10894,8004,4041,2,88536,기장군,11167,6441,7816,,202312
,6288,6430,1500,5843,,,89064,3360,6587,대구광역시,149,,3130,6570,3104,15,401,7516,6809,5923,46435,2711000000,,6978,3449,2471,3,42629,중구,5159,3031,4348,,202312
,27932,24316,5939,19555,,,342813,10807,25568,대구광역시,462,,12557,29116,13654,35,1452,23295,17854,29758,174885,2714000000,,20291,11193,10303,6,167928,동구,25839,14485,18396,,202312
,15384,9419,3086,9200,,,164088,3230,10948,대구광역시,188,,4782,15082,4867,17,747,10555,8021,17369,82590,2717000000,,7879,3556,5530,1,81498,서구,15683,8030,10514,,202312
,11510,8999,3123,8804,,,139187,2699,8988,대구광역시,295,,4067,11900,4348,23,868,8774,9347,13022,72675,2720000000,,7518,2958,5354,1,66512,남구,11233,6478,8878,,202312
,38186,32088,5420,30266,,,419624,12741,31168,대구광역시,403,,18978,39345,20111,38,1440,26155,26093,31498,211446,2723000000,,22225,13337,9675,5,208178,북구,29734,13393,17325,,202312
,35636,35411,6096,25211,,,407331,12380,29984,대구광역시,614,,22542,39267,24647,44,1740,20320,22018,29805,211054,2726000000,,20097,13303,10138,4,196277,수성구,26849,13613,17612,,202312
,47213,40290,6358,35012,,,527781,15445,38512,대구광역시,485,,24551,51466,25877,36,1737,32116,31632,42696,268848,2729000000,,28000,16342,11525,7,258933,달서구,39603,17408,21470,,202312
,20965,22000,2540,14355,,,262084,12328,23599,대구광역시,212,,12604,20949,13430,18,837,19650,11293,18049,129122,2771000000,,17400,12727,4923,5,132962,달성군,17707,7772,8721,,202312
,2286,763,1012,715,,,22988,252,1044,대구광역시,89,,395,1704,477,7,313,707,442,2763,11102,2772000000,,489,296,1895,0,11886,군위군,3290,1970,2079,,202312
,13320,12757,1805,10386,,,158958,5766,14890,인천광역시,168,,7146,10874,7445,23,611,13435,10109,9572,76624,2811000000,,11325,6215,2971,6,82334,중구,9764,4900,5470,,202312
,5200,4201,1214,3203,,,59482,1349,4781,인천광역시,93,,2212,4686,2406,7,394,3532,2846,5228,29677,2814000000,,3022,1516,2063,4,29805,동구,4993,2863,3669,,202312
,34345,29239,6037,27301,,,405995,11523,33190,인천광역시,518,,15102,33295,16124,56,1766,29795,24573,32564,201748,2817700000,,25525,11946,9933,13,204247,미추홀구,30030,14948,18172,,202312
,32240,35271,3089,24566,,,392416,16475,34094,인천광역시,323,,21919,33804,22872,44,1211,27006,22594,24223,197817,2818500000,,27299,17176,5588,8,194599,연수구,24846,8379,9389,,202312
,42816,39218,5474,31079,,,492415,14325,40940,인천광역시,481,,22429,43999,23731,60,1846,32293,29027,38921,247885,2820000000,,29255,15244,9970,16,244530,남동구,36523,15933,18835,,202312
,42122,36072,5905,31544,,,494138,14022,37262,인천광역시,553,,19080,45146,20452,67,1988,37383,30639,40018,250846,2823700000,,34321,14659,10714,20,243292,부평구,37485,15907,18779,,202312
,26713,19688,2937,18979,,,280266,6809,20274,인천광역시,295,,11210,28707,11613,35,1097,18912,17068,24237,140807,2824500000,,16847,6986,5830,10,139459,계양구,24533,8207,9279,,202312
,52319,52945,4597,37472,,,624358,26619,56652,인천광역시,434,,30803,51930,32171,64,1724,49202,35721,38309,309817,2826000000,,47296,28164,8563,14,314541,서구,39184,14332,15843,,202312
,5873,3338,2575,2584,,,69005,1354,3795,인천광역시,260,,2116,5348,2238,19,838,2567,1944,8056,34439,2871000000,,2310,1483,3828,7,34566,강화군,8118,5066,5288,,202312
,1938,801,491,1801,,,20377,354,1372,인천광역시,67,,448,1358,562,16,210,1157,667,2199,8734,2872000000,,603,344,813,2,11643,옹진군,2608,1301,1265,,202312
,7899,6882,2350,7648,,,107176,3577,7643,광주광역시,220,,3632,8069,3840,22,533,7366,7273,8287,54346,2911000000,,6986,3876,3296,4,52830,동구,7433,4551,5789,,202312
,24390,22469,3697,21003,,,283991,8346,21489,광주광역시,338,,13392,25727,14770,44,1095,17390,19752,20248,145052,2914000000,,16426,8841,6072,1,138939,서구,17903,9117,11481,,202312
,15604,16895,3489,12549,,,209646,7234,16368,광주광역시,284,,11284,17013,11180,37,976,11618,12015,16362,109296,2915500000,,11640,7512,5415,7,100350,남구,13609,8130,10425,,202312
,35177,31862,5525,29241,,,421683,14163,32529,광주광역시,465,,19029,36283,20950,49,1607,27588,26307,31633,213004,2917000000,,25280,14630,9279,4,208679,북구,28446,14124,17512,,202312
,35997,35916,2958,29283,,,396741,15431,35206,광주광역시,209,,24000,34515,25448,38,1041,25885,25834,19859,196643,2920000000,,23896,16169,6104,1,200098,광산구,20952,7990,10009,,202312
,18877,14920,3760,15208,,,217628,5860,16282,대전광역시,330,,9111,17487,9674,32,990,12980,13595,17975,108073,3011000000,,10876,6316,6355,8,109555,동구,17085,9035,10872,,202312
,19648,15970,4238,13975,,,223256,5788,16243,대전광역시,401,,9616,19072,10106,35,1119,12338,13553,18428,113630,3014000000,,11511,6055,6777,11,109626,중구,16970,9641,11761,,202312
,37294,37180,5077,34588,,,464634,15192,35111,대전광역시,495,,22445,39728,23930,45,1545,32781,33744,32349,236610,3017000000,,30576,16071,8303,10,228024,서구,29338,13329,15503,,202312
,28813,30770,2673,28678,,,366845,15721,30055,대전광역시,316,,18535,29351,19967,36,1029,30462,24444,21058,181059,3020000000,,27092,16762,4756,2,185786,유성구,20403,7655,8267,,202312
,16702,11375,2384,11741,,,169853,4376,12225,대전광역시,211,,6902,16286,7550,31,685,10814,9702,14350,83552,3023000000,,8535,4586,4250,1,86301,대덕구,14070,6017,7060,,202312
,19299,15399,2446,12323,,,208668,6563,16130,울산광역시,159,,9042,19696,10140,12,631,13145,9521,18053,103121,3111000000,,11319,6988,4011,1,105547,중구,17169,7747,8874,,202312
,29147,23345,2653,21567,,,307232,9660,23443,울산광역시,172,,13409,29941,14759,10,650,22110,16895,23689,150503,3114000000,,18327,10230,4420,1,156729,남구,23339,9308,10157,,202312
,12493,12351,1221,8724,,,152287,5658,14633,울산광역시,70,,7609,11846,8463,12,317,10517,6732,12737,72876,3117000000,,8412,5853,2028,3,79411,동구,12105,5329,5174,,202312
,19313,19128,1237,13738,,,216477,9915,20195,울산광역시,102,,12004,19580,12714,13,451,15942,9743,12392,104362,3120000000,,13985,10450,2469,1,112115,북구,14025,4398,4682,,202312
,22648,16118,2589,13299,,,218997,6669,17372,울산광역시,225,,10342,20851,10980,23,948,12620,9980,17035,105646,3171000000,,10532,7100,4983,3,113351,울주군,18763,7752,8165,,202312
,100280,96446,11090,91671,,,1197257,40032,98566,경기도,1080,,54982,102050,58401,101,3403,97691,84168,73605,594911,4111000000,,86651,42604,19154,26,602346,수원시,72503,28434,34319,,202312
,24714,20657,3364,22271,,,270849,7447,20345,경기도,319,,12675,25171,13536,32,1059,17982,18453,18634,134704,4111100000,,15603,7724,5609,9,136145,수원시 장안구,18336,7545,9364,,202312
,30775,28682,3232,25802,,,366167,12264,30920,경기도,327,,15735,31764,16623,24,1018,30690,24118,24471,181197,4111300000,,26625,13212,5687,4,184970,수원시 권선구,24155,9230,10809,,202312
,16554,13768,2321,15345,,,197213,5693,14981,경기도,210,,6789,16136,7290,22,621,17499,14993,13821,97923,4111500000,,14806,6044,4025,6,99290,수원시 팔달구,13055,5985,7249,,202312
,28237,33339,2173,28253,,,363028,14628,32320,경기도,224,,19783,28979,20952,23,705,31520,26604,16679,181087,4111700000,,29617,15624,3833,7,181941,수원시 영통구,16957,5674,6897,,202312
,77007,74314,11615,59731,,,919747,29539,73058,경기도,1167,,40754,77790,42599,104,3435,68888,56853,64829,464610,4113000000,,65257,30487,17882,35,455137,성남시,62064,28486,33853,,202312
,20294,16618,2903,16265,,,235942,7124,18681,경기도,230,,8056,19204,8392,30,757,19290,14603,18453,116446,4113100000,,16797,7186,4801,3,119496,성남시 수정구,17907,8345,10003,,202312
,18060,14724,2701,14036,,,210848,5996,16367,경기도,177,,7199,17701,7669,20,672,17346,13012,17140,104333,4113300000,,14754,6048,4314,9,106515,성남시 중원구,16604,7498,8801,,202312
,38653,42972,6011,29430,,,472957,16419,38010,경기도,760,,25499,40885,26538,54,2006,32252,29238,29236,243831,4113500000,,33706,17253,8767,23,229126,성남시 분당구,27553,12643,15049,,202312
,40306,34936,6460,30004,,,464213,14606,36201,경기도,559,,19711,42079,20658,62,1704,30993,29676,34756,236050,4115000000,,29350,15664,10641,12,228163,의정부시,32560,14746,18529,,202312
,45970,41566,6064,35284,,,544660,17411,41262,경기도,613,,23436,49067,25035,48,2051,40495,32863,41972,275749,4117000000,,37953,18001,10477,8,268911,안양시,39486,16693,18905,,202312
,19937,15452,3098,15276,,,230666,6615,16851,경기도,282,,7966,20815,8645,27,928,17210,14063,19620,115542,4117100000,,15318,6628,5199,0,115124,안양시 만안구,18711,8486,9539,,202312
,26033,26114,2966,20008,,,313994,10796,24411,경기도,331,,15470,28252,16390,21,1123,23285,18800,22352,160207,4117300000,,22635,11373,5278,8,153787,안양시 동안구,20775,8207,9366,,202312
,135614,116670,16588,101092,,,1559936,44300,119900,경기도,1582,,62924,143894,65950,188,5602,110384,95964,130414,788874,4119000000,,103202,46588,30154,28,771062,부천시,123594,49742,55562,,202312
,24012,23594,3056,17107,,,280197,9148,22679,경기도,268,,13782,24501,14390,35,969,18821,16043,20984,142685,4121000000,,17885,9484,5542,10,137512,광명시,19093,8592,10202,,202312
,51792,46280,5999,43373,,,591022,23845,54583,경기도,557,,27492,46347,28704,48,1734,52172,33595,33322,280549,4122000000,,40447,24598,10573,13,310473,평택시,34848,13834,16866,,202312
,8420,5949,1928,5206,,,88626,2163,6283,경기도,180,,3888,7632,3900,15,513,4724,4444,7425,44428,4125000000,,4131,2358,3349,2,44198,동두천시,7506,3691,4919,,202312
,62833,45042,5702,49863,,,629308,17246,49006,경기도,572,,27234,62574,28807,66,2091,45216,43827,43045,306980,4127000000,,37300,17982,11078,17,322328,안산시,47124,15206,17477,,202312
,33888,23957,3289,27004,,,334867,8698,25645,경기도,356,,14728,33906,15383,45,1165,22863,23839,22816,164144,4127100000,,18842,9128,6429,11,170723,안산시 상록구,24986,8170,9719,,202312
,28945,21085,2413,22859,,,294441,8548,23361,경기도,216,,12506,28668,13424,21,926,22353,19988,20229,142836,4127300000,,18458,8854,4649,6,151605,안산시 단원구,22138,7036,7758,,202312
,96316,86196,14258,68108,,,1074907,34511,82387,경기도,1633,,48605,102423,50342,110,4516,71752,66298,74652,550539,4128000000,,71839,35825,25092,41,524368,고양시,74764,28942,36297,,202312
,42321,39074,6658,29781,,,496438,17649,39848,경기도,645,,20378,43594,21035,43,2006,36578,28989,34845,252375,4128100000,,36294,18291,11521,17,244063,고양시 덕양구,34481,14408,17982,,202312
,27039,23703,3667,19379,,,291597,8335,21666,경기도,498,,13402,29313,13970,34,1315,18326,19418,20317,150251,4128500000,,18705,8725,6611,16,141346,고양시 일산동구,20627,7433,9098,,202312
,26956,23419,3933,18948,,,286872,8527,20873,경기도,490,,14825,29516,15337,33,1195,16848,17891,19490,147913,4128700000,,16840,8809,6960,8,138959,고양시 일산서구,19656,7101,9217,,202312
,6354,6377,920,4873,,,81000,3887,6097,경기도,122,,3877,6875,4013,6,323,5886,4630,5362,41313,4129000000,,6136,4108,1465,3,39687,과천시,5238,2073,2375,,202312
,16798,14755,2243,11768,,,187093,5759,14939,경기도,201,,8073,17728,8671,16,553,12191,11409,14063,94534,4131000000,,11722,6058,3656,7,92559,구리시,13977,5706,6800,,202312
,64631,64702,9385,42285,,,732265,26423,63627,경기도,775,,38612,62772,40687,103,2494,42494,39380,50016,369075,4136000000,,42558,27914,14632,24,363190,남양주시,48239,23129,27383,,202312
,19141,20579,1924,15779,,,229656,8906,23834,경기도,147,,12385,17362,13097,9,521,19395,13072,12311,109934,4137000000,,15597,9233,3230,1,119722,오산시,12288,4883,5962,,202312
,48260,42888,3772,34949,,,519715,21621,50303,경기도,353,,25179,44408,26337,45,1336,41133,29271,29270,248479,4139000000,,35274,22289,7249,6,271236,시흥시,33168,10666,11938,,202312
,22974,19845,3217,17471,,,261229,7481,19488,경기도,385,,11581,24069,12357,35,1107,18894,15950,20417,131656,4141000000,,16763,7927,5559,11,129573,군포시,19209,7640,8849,,202312
,13311,11233,1792,10373,,,158870,5597,11482,경기도,192,,6521,14587,6881,23,652,11795,9386,12660,80041,4143000000,,11184,6023,3011,4,78829,의왕시,12091,4885,5187,,202312
,24445,29720,2948,17889,,,329861,14941,31390,경기도,236,,15748,23805,16025,37,930,25533,18088,21620,165659,4145000000,,26040,15744,4547,6,164202,하남시,20080,9906,10183,,202312
,91912,96649,15262,69357,,,1075566,39746,93478,경기도,1446,,58815,91225,61540,108,3656,66991,63274,62867,542179,4146000000,,66029,41477,20468,30,533387,용인시,60368,31526,39342,,202312
,23635,20314,3297,17984,,,261488,8427,22364,경기도,321,,11927,22266,12801,29,1063,17462,14823,18506,127199,4146100000,,14703,8866,5512,4,134289,용인시 처인구,19039,8516,9629,,202312
,37649,39938,6325,28793,,,436656,15928,37734,경기도,634,,24467,37910,25548,53,1488,26320,26408,24782,221438,4146300000,,26090,16723,8344,17,215218,용인시 기흥구,23052,12423,16030,,202312
,30628,36397,5640,22580,,,377422,15391,33380,경기도,491,,22421,31049,23191,26,1105,23209,22043,19579,193542,4146500000,,25236,15888,6612,9,183880,용인시 수지구,18277,10587,13683,,202312
,42926,40811,6615,30671,,,497753,19551,43298,경기도,658,,25538,39844,26318,53,1948,36066,25841,30686,245594,4148000000,,33150,20516,11110,18,252159,파주시,31116,13957,17062,,202312
,18964,16469,2876,16521,,,222098,7490,18041,경기도,299,,10615,17486,11262,22,824,16675,12355,15138,106476,4150000000,,13619,8015,4853,8,115622,이천시,16040,6921,7605,,202312
,17419,13588,3020,12195,,,189034,5400,15677,경기도,303,,8391,15402,9024,32,1008,11962,9939,14591,91296,4155000000,,9579,5813,5402,5,97738,안성시,15118,7202,7964,,202312
,37274,46070,5279,25404,,,486172,22308,48303,경기도,460,,26143,35677,26948,38,1485,32744,23951,29735,243371,4157000000,,33955,23523,8157,16,242801,김포시,28866,13984,15852,,202312
,74052,86835,6678,60088,,,944342,46504,96641,경기도,597,,54076,64394,55946,66,2180,82233,50893,44105,453824,4159000000,,73325,48649,11214,14,490518,화성시,47177,18443,20232,,202312
,34842,32441,4403,22049,,,391377,14550,36057,경기도,327,,17122,33248,17883,44,1164,27357,19401,28778,191776,4161000000,,25000,15318,6611,13,199601,광주시,28667,12685,13417,,202312
,23539,21426,3612,15761,,,268026,10625,22551,경기도,312,,13200,21898,13648,38,1047,17589,13920,18285,132650,4163000000,,16454,11013,5798,16,135376,양주시,18569,8766,9959,,202312
,15234,7990,2709,9147,,,143323,3182,9329,경기도,269,,4985,12740,5514,27,860,7796,6927,13277,67486,4165000000,,5971,3464,4843,11,75837,포천시,15963,6401,6684,,202312
,10657,7561,2422,6086,,,114412,3045,7901,경기도,226,,4419,9727,4866,29,768,6069,5123,10610,56235,4167000000,,5255,3186,3850,4,58177,여주시,11131,5629,5848,,202312
,3557,2004,1157,2849,,,41584,1017,2338,경기도,130,,1358,3022,1474,9,329,2345,1649,4107,19808,4180000000,,1631,1054,2083,4,21776,연천군,4525,2343,2599,,202312
,5778,3488,1616,3292,,,62302,1354,3971,경기도,169,,2136,5067,2213,13,438,3006,2408,6562,30165,4182000000,,2431,1409,2475,6,32137,가평군,7043,3634,3793,,202312
,10890,8047,3103,5410,,,125238,3154,8075,경기도,277,,4764,10552,5232,27,917,5474,4412,13404,62437,4183000000,,5075,3328,4532,4,62801,양평군,13514,7494,7553,,202312
,70460,65891,9778,60727,,,852189,31145,68296,충청북도,856,,41021,70844,43499,77,3253,63850,51093,58017,421740,4311000000,,54183,32461,18055,10,430449,청주시,56505,24007,28161,,202312
,17173,15433,2704,12480,,,200575,7554,15378,충청북도,214,,9719,17574,10389,20,867,12943,10767,14600,100918,4311100000,,12002,7611,4954,4,99657,청주시 상당구,14414,6347,7428,,202312
,16470,13543,2516,14131,,,186302,5105,13385,충청북도,227,,8688,17090,9249,18,800,11408,12066,14598,93527,4311200000,,9781,5471,4459,1,92775,청주시 서원구,13837,6080,7379,,202312
,22159,21651,2382,20664,,,274594,10854,22458,충청북도,219,,12981,22230,13703,19,852,23889,17595,16868,134790,4311300000,,19971,11336,4445,5,139804,청주시 흥덕구,16522,6467,7324,,202312
,14658,15264,2176,13452,,,190718,7632,17075,충청북도,196,,9633,13950,10158,20,734,15610,10665,11951,92505,4311400000,,12429,8043,4197,0,98213,청주시 청원구,11732,5113,6030,,202312
,18712,14079,4058,12415,,,207778,6020,14968,충청북도,379,,8596,17854,9278,34,1288,12567,9358,18038,102358,4313000000,,9856,6195,7214,9,105420,충주시,18428,8411,10021,,202312
,11855,7975,2762,7772,,,130194,3401,8398,충청북도,204,,5450,11183,5734,23,765,6289,6239,12603,64738,4315000000,,5298,3643,4753,5,65456,제천시,12516,6278,7048,,202312
,2903,1276,1129,1150,,,31010,534,1586,충청북도,131,,871,2373,1004,6,484,1014,801,3641,15339,4372000000,,824,575,2198,2,15671,보은군,4009,2168,2331,,202312
,4557,2633,1432,2170,,,48891,923,2936,충청북도,176,,1704,3990,1890,18,528,1696,1591,5189,24173,4373000000,,1523,1022,2719,3,24718,옥천군,5657,3179,3355,,202312
,4250,2026,1531,1864,,,44195,792,2348,충청북도,138,,1405,3591,1515,16,464,1451,1442,4952,22049,4374000000,,1189,832,2767,0,22146,영동군,5285,2932,3405,,202312
,3303,2500,604,2452,,,37484,1278,3006,충청북도,46,,1590,3006,1791,3,191,2565,1799,2899,17961,4374500000,,1980,1355,1131,1,19523,증평군,2980,1420,1584,,202312
,7974,6490,1321,5040,,,86254,3121,7802,충청북도,126,,4067,6484,4389,5,466,6139,3601,5953,40602,4375000000,,4761,3434,2537,2,45652,진천군,6578,2847,3117,,202312
,3625,1449,1273,1279,,,36590,543,1876,충청북도,113,,877,2955,918,9,454,1175,877,4561,17718,4376000000,,879,581,2336,0,18872,괴산군,5298,2734,2778,,202312
,9690,5532,1915,4698,,,91183,2203,6951,충청북도,163,,3367,7728,3769,17,640,5103,3519,8241,42729,4377000000,,3719,2346,3374,7,48454,음성군,9496,4316,4389,,202312
,2756,1245,848,1049,,,27701,452,1439,충청북도,72,,778,2357,933,8,244,925,740,3408,13614,4380000000,,775,477,1514,1,14087,단양군,3728,1859,2093,,202312
,55319,53268,6176,47890,,,655959,24259,58159,충청남도,599,,32742,52855,34800,70,2093,52017,41778,38684,319790,4413000000,,44913,25607,11259,10,336169,천안시,39889,15703,17869,,202312
,22861,19806,3264,17718,,,256691,7912,21003,충청남도,334,,12253,21967,13112,38,1104,16588,15702,18579,126569,4413100000,,14328,8286,5803,6,130122,천안시 동남구,18806,8144,9077,,202312
,32458,33462,2912,30172,,,399268,16347,37156,충청남도,265,,20489,30888,21688,32,989,35429,26076,20105,193221,4413300000,,30585,17321,5456,4,206047,천안시 서북구,21083,7559,8792,,202312
,8843,5662,2715,5754,,,102104,2156,6275,충청남도,356,,3761,8306,4119,32,1030,4540,5167,10248,51180,4415000000,,3774,2288,4890,7,50924,공주시,10402,5625,6154,,202312
,8823,5669,2504,4545,,,95772,2402,6786,충청남도,280,,3649,7605,3966,25,855,4496,3429,9354,47278,4418000000,,3572,2420,4444,5,48494,보령시,9392,5277,6274,,202312
,28747,28882,4040,21269,,,345796,14900,33817,충청남도,388,,18680,24273,19686,38,1355,27109,16758,19243,165573,4420000000,,23674,15910,7061,7,180223,아산시,20193,9057,10709,,202312
,16030,12653,3323,10670,,,176011,6238,14332,충청남도,375,,8153,13791,8868,40,1288,11690,6830,12821,83899,4421000000,,8805,6518,5796,3,92112,서산시,13264,7039,7484,,202312
,9819,6328,2927,5414,,,110423,2729,7126,충청남도,354,,4282,8865,4584,29,1151,4997,4259,10653,55236,4423000000,,4289,2880,5675,6,55187,논산시,11075,6005,6976,,202312
,4038,4375,410,2751,,,46667,1862,4118,충청남도,41,,2993,4017,3285,6,174,2798,2156,3015,23373,4425000000,,2620,1906,843,2,23294,계룡시,2722,1223,1312,,202312
,16008,12267,3254,8806,,,170302,6352,15734,충청남도,355,,7934,12194,8563,39,1049,11795,6022,11920,79315,4427000000,,8765,6635,5649,2,90987,당진시,13159,6676,7124,,202312
,4851,2493,1577,1952,,,50093,969,2987,충청남도,180,,1907,3966,2136,19,527,1667,1440,5253,24738,4471000000,,1469,931,3080,3,25355,금산군,5823,3248,3615,,202312
,5233,2757,2370,2500,,,61046,1020,3353,충청남도,321,,1903,4530,2169,27,917,1970,1813,6843,30629,4476000000,,1678,1135,4255,3,30417,부여군,7011,4352,4886,,202312
,4253,2244,1963,1828,,,49116,888,2665,충청남도,252,,1514,3577,1571,19,825,1640,1320,5367,24859,4477000000,,1313,896,3600,3,24257,서천군,5522,3664,4192,,202312
,2778,1151,1190,1460,,,30168,473,1569,충청남도,182,,901,2127,1023,5,447,1023,1011,3308,14741,4479000000,,818,497,2226,3,15427,청양군,3557,2145,2274,,202312
,8354,6610,2408,4755,,,97524,3029,6882,충청남도,289,,4546,7288,4774,34,865,4960,3865,8267,48847,4480000000,,4380,3239,4527,4,48677,홍성군,8280,4732,5436,,202312
,7158,4141,2630,3350,,,78354,1627,4738,충청남도,293,,2636,5998,2874,29,885,3408,2611,8151,39069,4481000000,,2825,1680,4569,4,39285,예산군,8238,4912,5597,,202312
,5690,3116,1879,2562,,,60784,1154,3839,충청남도,213,,1963,4757,2075,14,731,2289,1693,6800,30022,4482500000,,1805,1171,3335,6,30762,태안군,6628,4410,4654,,202312
,18953,16749,3084,13291,,,214156,6564,17771,전라남도,245,,11388,18013,11907,32,876,11027,11083,16638,107740,4611000000,,10537,6953,5588,5,106416,목포시,14916,8264,10272,,202312
,25044,18418,4501,16977,,,271696,8376,20240,전라남도,366,,12021,22439,12622,55,1515,15312,12988,22576,133342,4613000000,,12816,8705,8269,7,138354,여수시,22348,12232,13869,,202312
,24551,20469,3937,18361,,,278137,9846,20007,전라남도,382,,13869,24573,14799,45,1497,16656,15196,20094,139323,4615000000,,15420,10352,7734,4,138814,순천시,20413,9352,10580,,202312
,9644,7840,2392,5998,,,117377,4375,9199,전라남도,248,,4903,7894,5208,31,950,7302,5392,8736,58116,4617000000,,6863,4619,5083,7,59261,나주시,9503,5141,6049,,202312
,16084,10803,1703,10444,,,152666,5625,12059,전라남도,149,,7636,14059,8027,30,749,9965,7532,9905,72774,4623000000,,8340,5802,3443,1,79892,광양시,11285,4373,4652,,202312
,4408,2122,1446,2221,,,45373,996,2641,전라남도,147,,1411,3569,1501,31,517,1729,1610,4389,22412,4671000000,,1626,977,2957,3,22961,담양군,5040,2848,3184,,202312
,2585,1170,1071,1134,,,26905,394,1418,전라남도,133,,737,2045,907,14,491,819,895,2616,13530,4672000000,,720,392,2328,1,13375,곡성군,3093,1822,2120,,202312
,2438,1109,904,915,,,24314,428,1279,전라남도,90,,774,1973,834,7,357,663,685,2492,12424,4673000000,,676,404,1971,1,11890,구례군,2722,1640,1952,,202312
,5473,2367,2634,2027,,,61113,1037,3077,전라남도,307,,1591,4044,1800,47,1206,1706,1464,6523,31220,4677000000,,1456,1015,5489,6,29893,고흥군,6935,4913,5996,,202312
,3510,1530,1576,1345,,,37686,601,1906,전라남도,185,,1118,2608,1171,26,711,1134,1011,3861,19221,4678000000,,917,652,3497,4,18465,보성군,4207,2775,3341,,202312
,6026,3454,1697,3284,,,61254,1313,3620,전라남도,163,,2435,5205,2664,17,618,2336,2896,5171,30932,4679000000,,2194,1415,3707,1,30322,화순군,5965,3151,3922,,202312
,3236,1554,1279,1424,,,35046,745,1981,전라남도,133,,1164,2645,1275,13,586,1192,1068,3474,17925,4680000000,,1078,736,2823,5,17121,장흥군,3570,2290,2775,,202312
,2905,1500,1216,1339,,,32722,700,1736,전라남도,115,,1080,2360,1176,10,537,1110,1021,3290,16773,4681000000,,1023,680,2555,2,15949,강진군,3460,2210,2697,,202312
,6166,3146,2158,2766,,,64575,1420,3788,전라남도,175,,2321,4743,2391,27,795,2211,2001,6345,32326,4682000000,,1877,1520,4505,1,32249,해남군,6788,4285,5146,,202312
,5513,2843,1349,2829,,,52350,1248,4135,전라남도,151,,1970,3993,2120,17,529,2121,1897,4356,24978,4683000000,,1855,1349,2974,3,27372,영암군,5069,2733,3296,,202312
,7429,6925,1501,4966,,,90296,3431,7521,전라남도,124,,4977,6196,5089,21,566,5094,4235,6036,44865,4684000000,,5024,3674,3268,0,45431,무안군,6326,3707,4186,,202312
,3113,1222,1219,1222,,,30601,488,1732,전라남도,124,,858,2116,995,18,486,968,874,2989,15096,4686000000,,818,496,2616,1,15505,함평군,3543,2092,2611,,202312
,4663,2693,1477,2498,,,51750,1712,3371,전라남도,114,,1893,3675,2019,23,460,2303,1954,4369,25876,4687000000,,2202,1690,3159,5,25874,영광군,4778,2956,3736,,202312
,4227,2152,1342,2162,,,42543,972,2656,전라남도,136,,1462,3160,1540,16,438,1727,1449,3772,20651,4688000000,,1418,1008,2829,5,21892,장성군,4450,2639,2983,,202312
,4270,2331,1602,1833,,,46641,1149,3211,전라남도,140,,1600,3190,1752,17,578,1677,1295,4533,23096,4689000000,,1410,1268,3266,1,23545,완도군,4648,3143,3727,,202312
,2765,1300,957,1272,,,28979,678,1827,전라남도,71,,971,2034,1022,12,386,1008,912,2754,14526,4690000000,,885,617,2272,2,14453,진도군,2962,1950,2322,,202312
,4167,1292,1378,1450,,,38037,621,2649,전라남도,103,,947,2578,988,14,499,1411,936,3698,17523,4691000000,,876,683,2934,4,20514,신안군,4819,2862,3128,,202312
,43485,36189,6586,29184,,,493033,15458,37712,경상북도,494,,21867,43238,23944,57,2061,29339,20851,44151,242791,4711000000,,24460,16702,12056,6,250242,포항시,42119,20671,22403,,202312
,20803,16299,3041,14479,,,226278,6717,17981,경상북도,184,,9897,19127,10890,23,870,13580,9307,19974,108769,4711100000,,10759,7273,5327,1,117509,포항시 남구,19538,9739,10469,,202312
,22682,19890,3545,14705,,,266755,8741,19731,경상북도,310,,11970,24111,13054,34,1191,15759,11544,24177,134022,4711300000,,13701,9429,6729,5,132733,포항시 북구,22581,10932,11934,,202312
,23702,15804,4905,12878,,,247489,6531,17397,경상북도,461,,9375,22388,10151,43,1725,12410,9982,22901,123583,4713000000,,10651,6882,9922,7,123906,경주시,23156,11957,14261,,202312
,11946,8810,2930,7034,,,137515,4171,9654,경상북도,325,,5590,11034,6586,38,1116,7249,5439,12146,68433,4715000000,,6358,4464,5972,5,69082,김천시,12306,6583,7759,,202312
,13291,9959,3787,8059,,,152935,4088,10299,경상북도,355,,6104,12238,6802,31,1322,7405,6907,13745,77397,4717000000,,6536,4372,7063,4,75538,안동시,13444,7720,9404,,202312
,35901,35101,3002,28537,,,405506,15892,36364,경상북도,274,,20987,35303,22719,39,1120,31770,20836,23766,196375,4719000000,,27084,16682,6335,2,209131,구미시,25319,8561,9912,,202312
,8918,6043,2756,5116,,,100199,2357,6304,경상북도,260,,4132,8266,4652,26,921,4179,3825,9826,50469,4721000000,,3398,2544,4952,6,49730,영주시,9395,5600,6723,,202312
,9544,5150,2631,4939,,,100212,2437,6398,경상북도,244,,2988,8172,3303,14,855,4723,3300,9962,49075,4723000000,,3917,2538,5269,1,51137,영천시,10631,6185,7011,,202312
,8204,4889,2949,4013,,,93858,2064,5456,경상북도,304,,3435,7279,3780,45,1245,3498,2885,9793,47692,4725000000,,3003,2218,6165,1,46166,상주시,10018,5725,6889,,202312
,5910,3706,2028,3055,,,68755,1574,4135,경상북도,197,,2362,5375,2798,29,726,2625,2383,7184,34980,4728000000,,2333,1667,4164,4,33775,문경시,7175,4181,5144,,202312
,23281,19227,3955,19330,,,266205,8238,20261,경상북도,326,,11099,23365,11619,33,1110,16940,15829,20312,132358,4729000000,,13991,8543,7232,1,133847,경산시,19806,9785,11922,,202312
,4374,1735,2255,1457,,,50086,787,2428,경상북도,225,,991,3443,1117,26,800,1603,1056,6041,25278,4773000000,,1262,848,4435,2,24808,의성군,6471,4028,4702,,202312
,2227,919,977,826,,,24019,396,1159,경상북도,94,,510,1841,546,4,302,923,539,2891,11956,4775000000,,580,426,1845,1,12063,청송군,3026,1858,2129,,202312
,1551,597,658,495,,,15661,262,813,경상북도,51,,422,1117,449,11,232,489,371,1810,7856,4776000000,,393,266,1297,2,7805,영양군,1904,1127,1344,,202312
,3127,1527,1362,1144,,,34055,619,1735,경상북도,138,,898,2584,962,15,491,1036,815,3820,17823,4777000000,,927,596,2961,0,16232,영덕군,3741,2391,3166,,202312
,3652,1733,1563,1278,,,41316,600,2195,경상북도,161,,1039,3198,1086,16,651,1258,951,4907,20823,4782000000,,1039,637,3019,1,20493,청도군,5296,3366,3670,,202312
,3133,1461,945,1203,,,30139,525,1781,경상북도,96,,820,2401,950,8,333,1012,863,3228,14662,4783000000,,830,543,1913,0,15477,고령군,3731,2083,2280,,202312
,4238,1723,1264,1596,,,42086,745,2458,경상북도,135,,995,3324,1130,10,492,1681,1012,4810,20086,4784000000,,1271,764,2420,4,22000,성주군,5636,3094,3284,,202312
,11358,9072,1621,6036,,,110581,3349,10562,경상북도,175,,5177,9560,5757,25,598,6500,4169,7691,52615,4785000000,,5344,3502,3351,1,57966,칠곡군,8668,3786,4279,,202312
,4202,3474,1828,2140,,,55325,1992,3637,경상북도,176,,2263,3550,2430,15,668,2596,1652,4950,28101,4790000000,,2450,1986,3489,3,27224,예천군,5100,3126,3598,,202312
,2793,1163,1191,961,,,29603,440,1560,경상북도,138,,844,2199,874,12,425,856,628,3475,14513,4792000000,,640,531,2290,1,15090,봉화군,3974,2211,2397,,202312
,4552,2603,1280,2351,,,46669,1166,2978,경상북도,126,,1514,3622,1803,14,628,2113,1536,4527,23116,4793000000,,1669,1214,2839,2,23553,울진군,4621,2513,2998,,202312
,1084,457,213,501,,,9077,143,738,경상북도,22,,224,737,217,0,69,501,293,902,4044,4794000000,,312,167,325,0,5033,울릉군,1052,538,582,,202312
,89972,77848,10994,62525,,,1009038,32624,82096,경상남도,806,,46548,91832,50250,64,3457,64951,48200,81970,498405,4812000000,,56354,34431,20159,12,510633,창원시,79965,34631,39349,,202312
,19555,15753,1951,13771,,,213342,7194,16822,경상남도,144,,9264,20653,9991,12,670,14069,10632,17304,104889,4812100000,,12221,7411,3903,0,108453,창원시 의창구,17813,6926,7283,,202312
,23340,19146,1325,18171,,,245259,7936,18501,경상남도,116,,11627,25921,12718,11,553,18547,13792,17433,120149,4812300000,,15738,8278,2625,2,125110,창원시 성산구,18800,5312,5367,,202312
,14561,12697,2974,9535,,,179394,5577,14222,경상남도,210,,7165,14358,7602,17,957,10317,7595,16993,90278,4812500000,,9308,6009,5411,8,89116,창원시 마산합포구,15260,8418,10200,,202312
,16256,13416,2480,10028,,,179818,4814,14089,경상남도,150,,8109,16289,8798,13,602,9807,8154,16795,90159,4812700000,,8539,5056,4173,1,89659,창원시 마산회원구,15230,7764,9255,,202312
,16260,16836,2264,11020,,,191225,7103,18462,경상남도,186,,10383,14611,11141,11,675,12211,8027,13445,92930,4812900000,,10548,7677,4047,1,98295,창원시 진해구,12862,6211,7244,,202312
,28602,25587,4748,22428,,,341074,11380,24905,경상남도,400,,16151,29213,17709,46,1691,20528,18501,26807,172682,4817000000,,18453,12076,9595,5,168392,진주시,24739,12252,15258,,202312
,11466,9182,1879,5252,,,120551,3310,10205,경상남도,126,,6006,10312,6382,13,598,5249,3979,11390,60034,4822000000,,4977,3347,3758,0,60517,통영시,10924,5687,6509,,202312
,10110,7911,2071,5862,,,109030,3142,8682,경상남도,179,,4884,8861,5229,14,845,5767,3784,9268,53891,4824000000,,4632,3317,4346,2,55139,사천시,8999,4921,6204,,202312
,51694,45920,4515,33048,,,533659,19172,45884,경상남도,330,,28953,51022,30468,31,1424,33134,27032,34544,263904,4825000000,,30200,20507,9302,4,269755,김해시,36598,13573,16304,,202312
,8978,5639,2515,4383,,,102084,2178,6379,경상남도,218,,3483,8573,3819,13,889,4229,3204,11479,51728,4827000000,,3626,2290,5281,2,50356,밀양시,11298,6245,7363,,202312
,23592,21390,1932,11563,,,234038,9138,24699,경상남도,180,,13614,19450,14739,18,780,13545,8563,15402,111496,4831000000,,12612,9794,3872,4,122542,거제시,16109,6385,6657,,202312
,30746,30157,3996,18772,,,355122,13850,31472,경상남도,320,,17591,30772,18164,32,1075,22863,16178,25913,177526,4833000000,,21466,14684,7230,8,177596,양산시,25342,11229,13262,,202312
,2405,1056,897,881,,,25475,379,1365,경상남도,106,,629,1884,719,12,458,787,580,2803,12807,4872000000,,713,459,2228,5,12668,의령군,3294,1750,2065,,202312
,6003,3832,1341,2615,,,60203,1328,4280,경상남도,132,,2635,4838,2888,7,588,2342,1740,5693,29363,4873000000,,1994,1467,3062,0,30840,함안군,6492,3280,3646,,202312
,5410,2784,1647,2058,,,57083,1085,3425,경상남도,147,,1786,4533,1985,12,694,2241,1394,6510,28555,4874000000,,1691,1139,3719,1,28528,창녕군,6724,3751,4347,,202312
,4848,2559,1450,1942,,,49468,861,3098,경상남도,147,,1771,3918,2164,9,665,1628,1326,5267,24498,4882000000,,1322,872,3069,0,24970,고성군,5519,3302,3731,,202312
,3655,1852,1511,1616,,,40780,625,2049,경상남도,197,,1155,3034,1432,21,855,1161,976,4438,20921,4884000000,,995,701,3412,1,19859,남해군,4506,3030,3558,,202312
,4164,1728,1482,1483,,,41606,662,2132,경상남도,168,,1099,3390,1298,15,697,1231,1007,4656,20781,4885000000,,1026,693,3127,1,20825,하동군,5228,2945,3374,,202312
,3339,1355,1216,1151,,,33752,467,1597,경상남도,108,,864,2740,1031,15,563,966,829,3904,16994,4886000000,,783,498,2734,2,16758,산청군,4330,2520,2740,,202312
,3491,1749,1266,1371,,,36945,684,1917,경상남도,127,,1268,2976,1418,14,572,1136,1042,3926,19023,4887000000,,1020,692,2856,4,17922,함양군,4138,2362,2916,,202312
,5295,3459,1642,2995,,,60047,1436,3556,경상남도,204,,2567,4896,3093,22,726,2358,2103,5658,30492,4888000000,,2084,1548,3582,2,29555,거창군,5728,3134,3959,,202312
,3844,1565,1643,1354,,,41203,552,1989,경상남도,160,,1022,2999,1133,28,720,1174,974,4713,21071,4889000000,,897,611,3860,4,20132,합천군,5143,3077,3741,,202312
,43766,39374,6185,30145,,,491654,18845,40458,제주특별자치도,598,,25481,41898,27253,195,2736,30497,26899,32671,246093,5011000000,,29443,19787,11251,12,245561,제주시,32230,14630,17300,,202312
,17526,14015,3371,9303,,,183598,6172,14873,제주특별자치도,320,,8520,15297,9215,83,1332,9116,7690,14358,91183,5013000000,,9111,6599,6017,5,92415,서귀포시,14724,7363,8588,,202312
,23568,20698,5065,19722,,,286426,9258,20109,강원특별자치도,527,,12558,23329,13502,40,1610,17847,17250,22802,145007,5111000000,,16458,9659,8848,23,141419,춘천시,21557,9840,12156,,202312
,31111,28121,5122,22492,,,361503,12514,27502,강원특별자치도,494,,16886,31426,17793,44,1690,23354,19814,27562,182388,5113000000,,22191,13104,9183,11,179115,원주시,27149,10983,12957,,202312
,18645,14697,4217,12429,,,209439,5526,14894,강원특별자치도,400,,8235,17861,9145,51,1469,10889,10225,19335,105680,5115000000,,9469,5887,7317,9,103759,강릉시,17853,9391,11495,,202312
,8375,6410,1705,4982,,,88625,2650,6835,강원특별자치도,120,,3943,7547,4323,11,506,4564,3503,7886,43580,5117000000,,3680,2776,2828,2,45045,동해시,7437,3926,4616,,202312
,3690,2627,875,1767,,,38702,865,2904,강원특별자치도,40,,1628,3170,1757,6,199,1534,1286,3808,19226,5119000000,,1310,958,1566,2,19476,태백시,3833,2116,2761,,202312
,7339,5842,1370,4605,,,82054,2461,5829,강원특별자치도,125,,3358,7588,3468,6,484,4939,3525,7684,41434,5121000000,,4007,2602,2427,4,40620,속초시,7143,3196,4052,,202312
,5944,3625,1461,3745,,,62651,1570,4206,강원특별자치도,155,,2325,4816,2481,21,567,2648,2844,5995,30829,5123000000,,2250,1626,2979,1,31822,삼척시,6190,3365,3837,,202312
,6065,3419,1795,3433,,,67309,1569,3930,강원특별자치도,156,,2240,5354,2304,18,612,3084,2319,7629,32654,5172000000,,2460,1624,3102,5,34655,홍천군,8314,3945,3932,,202312
,4325,2119,1411,1801,,,46359,879,2540,강원특별자치도,106,,1582,3815,1767,18,458,1645,1364,5640,22533,5173000000,,1362,994,2299,2,23826,횡성군,6142,3093,2997,,202312
,3736,1886,1088,1587,,,37332,669,2148,강원특별자치도,95,,1129,3052,1447,7,325,1291,1212,4110,18014,5175000000,,1077,751,1946,3,19318,영월군,4765,2407,2601,,202312
,4096,2070,1157,1835,,,40659,739,2426,강원특별자치도,84,,1222,3513,1401,14,326,1485,1199,4733,19603,5176000000,,1205,674,1842,3,21056,평창군,5313,2582,2740,,202312
,3606,1813,929,1349,,,34202,662,2361,강원특별자치도,74,,1095,2730,1144,12,276,1304,942,3786,16358,5177000000,,1012,653,1646,6,17844,정선군,4353,2065,2384,,202312
,3544,2315,984,2881,,,41448,1316,2575,강원특별자치도,90,,1558,3073,1725,13,278,2430,1651,3761,19970,5178000000,,1829,1343,1765,1,21478,철원군,3947,1958,2411,,202312
,1921,1095,605,1940,,,23007,695,1252,강원특별자치도,62,,811,1695,807,8,161,1562,988,1960,10686,5179000000,,1033,764,1072,6,12321,화천군,2379,1023,1168,,202312
,1726,1126,476,1567,,,21056,730,1254,강원특별자치도,48,,905,1498,940,2,150,1317,845,1852,9993,5180000000,,1008,724,864,3,11063,양구군,2118,890,1013,,202312
,2632,1785,637,2670,,,32020,1118,2121,강원특별자치도,63,,1129,2214,1158,6,208,2296,1218,2833,14598,5181000000,,1602,1171,1098,5,17422,인제군,3286,1383,1387,,202312
,2556,1321,768,1572,,,27305,639,1618,강원특별자치도,71,,748,2092,845,8,245,1328,946,2929,13287,5182000000,,1045,633,1426,5,14018,고성군,3059,1563,1888,,202312
,2606,1540,878,1262,,,27710,549,1806,강원특별자치도,65,,766,2255,928,13,283,1175,840,2998,13518,5183000000,,904,520,1384,1,14192,양양군,3182,1769,1986,,202312
